"Nom","Role","Nom d'utilisateur","Actif"
"Gareth Love","Pilot","Maecenas","oui"
"Abel Mclaughlin","Pilot","lectus,","non"
"Florence Estrada","Pilot","est,","oui"
"Derek Baldwin","Pilot","mollis","oui"
"Quinlan Woodward","Pilot","at","oui"
"Roth Craig","Pilot","ullamcorper,","oui"
"Tamara Cherry","Pilot","ipsum","oui"
"Brandon Kramer","Pilot","sodales","non"
"Nicole Blake","Pilot","dignissim","non"
"Baxter Wagner","Pilot","eget","non"
"Oprah Roy","Pilot","ante.","non"
"Kelly Suarez","Pilot","ullamcorper","oui"
"Igor Lindsey","Pilot","dolor","non"
"Malcolm Wells","Pilot","Mauris","oui"
"Delilah Bright","Pilot","urna.","oui"
"Rooney Sears","Pilot","semper","non"
"Hamish Deleon","Pilot","Nulla","oui"
"Stacey Lynch","Pilot","Praesent","oui"
"Dorothy Hurley","Pilot","neque","oui"
"Elvis Hickman","Pilot","interdum","non"
"Jolie Vazquez","Pilot","eu,","non"
"Karen Norman","Pilot","volutpat","non"
"Wang Jacobs","Pilot","tincidunt,","non"
"Aurelia Gaines","Pilot","ut","non"
"Sybil Vaughn","Pilot","nisl","oui"
"Iliana Nolan","Pilot","nulla.","non"
"Steel Bird","Pilot","Duis","non"
"Sloane Mullins","Authority","libero","non"
"Chava Kidd","Authority","dictum","non"
"Tamara Salinas","Authority","et","non"
"Sandra Pace","Authority","aliquam,","non"
"Paloma Vargas","Authority","egestas","non"
"Miriam Mathews","Authority","pharetra","oui"
"Ryan Quinn","Authority","nec","non"
"Priscilla Fields","Authority","risus.","oui"
"Deirdre Gardner","Authority","odio","oui"
"Sonia Durham","Authority","scelerisque","non"
"Bert Cooley","Authority","ornare,","non"
"Mercedes Sharpe","Authority","turpis.","oui"
"Damian Copeland","Authority","tellus","non"
"Chloe Landry","Authority","dui.","oui"
"Gregory Lindsey","Authority","imperdiet","oui"
"Constance Fox","Authority","Cras","oui"
"Justin Warner","Authority","lacinia","oui"
"Adrienne Perry","Authority","auctor.","non"
"Sylvia Clarke","Authority","justo","oui"
"Alika Kinney","Authority","Phasellus","non"
"Diana Weber","Authority","molestie","non"
"Leroy Moon","Authority","nibh.","oui"
"Alisa Moody","Authority","lacus.","oui"
"Abigail Schneider","Authority","at,","oui"
"Eric Stevens","Authority","parturient","non"
"Allistair Browning","Authority","magna.","non"
"Briar Welch","Authority","nibh","oui"
"Jasper Mcleod","Other","odio.","non"
"Ryder Justice","Other","Vestibulum","non"
"Levi Winters","Other","purus","oui"
"Zoe Baird","Other","risus","oui"
"Malcolm Baldwin","Other","euismod","oui"
"Judah Freeman","Other","libero.","non"
"Linda Schneider","Other","a","oui"
"Nigel Dudley","Other","luctus.","oui"
"Sonia Park","Other","ante","oui"
"Zenia Decker","Other","leo.","oui"
"Shellie Pacheco","Other","Sed","non"
"Anjolie Calhoun","Other","mi","oui"
"Yeo Castro","Other","id","non"
"Desiree Cain","Other","ipsum.","oui"
"Maris Marsh","Other","Aliquam","oui"
"Elvis Montoya","Other","diam","oui"
"Mufutau Smith","Other","Integer","non"
"Silas Diaz","Other","blandit.","non"
"Brent Byrd","Other","ut,","non"
"Walker Hopper","Other","varius","non"
"Wylie Sherman","Other","Donec","oui"
"Gage Dawson","Other","non,","oui"
"Jocelyn Sims","Other","ac","oui"
"Mary Bradshaw","Other","id,","non"
"Xyla Richard","Other","placerat,","non"
